GRDC station number,WMO region,WMO subregion,nat_id,river,station,country,Latitude,Longitude,catchment size km2,height of gauge zero m above sea level,GRDC station number of next downstream GRDC station ,daily data available from year,daily data available until year,length of time series daily data,percentage of missing values (daily data),monthly data available from ,monthly data available until ,"length of time series, monthly data",percentage of missing values (monthly data),earliest data available,latest data available,"maximum length of time series, daily and monthly data","mean annual streamflow, m3/s","mean annual volume, km3","mean annual runoff depth, mm"
1104150,1,4,n.a.,CHELIF,SIDI BELATAR,DZ,36.02,0.27,43750,2,-,1978,2001,24,58.35,1976,1977,2,0,1976,2001,26,15.027,0.473891472,10.83180507
1104530,1,4,n.a.,SEBAOU,BAGHLIA,DZ,36.8,3.87,2501,20,-,,,,,1976,1979,4,0,1976,1979,4,17.581,0.554434416,221.6850924
1159100,1,59,D8H003,ORANGE,VIOOLSDRIF (27811003),ZA,-28.7578,17.7214,866486,152,-,1935,2017,83,2.75,1935,2001,67,1.64,1935,2017,83,251.811,7.941111696,9.164731682
1159105,1,59,D8H015,ORANGE,SENDELINGSDRIF,ZA,-28.0758,16.8983,985370,-999,1159100,2014,2017,4,0,,,,,2014,2017,4,32.391,1.021482576,1.036648747
1160235,1,60,E2H003,DORING,MELKBOOM,ZA,-31.8625,18.6864,24044,-999,-,1927,2017,91,1.29,,,,,1927,2017,91,12.021,0.379094256,15.76668841
1160378,1,60,J2H016,GAMKA RIVER,SPEK BOOM BERG,ZA,-33.31,21.6342,17076,-999,-,1964,2016,53,5.73,,,,,1964,2016,53,1.373,0.043298928,2.535659874
1160500,1,60,P1H003,BOESMANS,DONKER HOEK ALICEDALE,ZA,-33.3292,26.0775,1479,276,-,1957,2017,61,2.85,1958,2001,44,4.21,1957,2017,61,0.324,0.010217664,6.908494929
1160580,1,60,Q9H018,GROOT-VIS,MATOLEMA'S LOCATION OUTSPAN,ZA,-33.2378,26.9947,29745,38,-,1969,2017,49,9.36,1969,2001,33,11.83,1969,2017,49,10.663,0.336268368,11.30503843
1160684,1,60,S7H004,GREAT KEI RIVER,AREA 8 SPRINGS B,ZA,-32.5164,28.0181,484,-999,-,1990,2017,28,0.71,,,,,1990,2017,28,20.404,0.643460544,1329.463934
1160788,1,60,U2H054,MGENI,INANDA MISSION RES,ZA,-29.7151,30.8692,4084,-999,-,1989,2017,29,0.43,,,,,1989,2017,29,6.61,0.20845296,51.04137121
1160880,1,60,V5H002,TUGELA,MANDINI (27661102),ZA,-29.1403,31.3925,28920,38,-,1959,2017,59,16.85,1959,2001,43,16.83,1959,2017,59,87.213,2.750349168,95.10197676
1255100,1,55,2811M01,KUNENE RIVER,RUACANA (64740001),NA,-17.4,14.2167,91815,800,1655100,1961,2015,55,0.03,,,,,1961,2015,55,178.658,5.634158688,61.36425081
1257100,1,57,2511M01,OKAVANGO / CUBANGO,RUNDU (64932101),NA,-17.9,19.7667,104058,1060,1257101,1945,2015,71,0,,,,,1945,2015,71,175.033,5.519840688,53.04580799
1259100,1,59,0499M02,FISH RIVER (NA),AI-AIS (64812014),NA,-27.9167,17.4833,63940,243.6,-,1975,2015,41,0.13,,,,,1975,2015,41,7.844,0.247368384,3.868757961
1445100,1,45,n.a.,KOUILOU,SOUNDA,CG,-4.1,12.07,55010,8,-,,,,,1956,1982,27,13.52,1956,1982,27,874.956,27.59261242,501.5926634
1732100,1,32,1114000107,MONO,ATHIEME,BJ,6.92,1.67,21575,-999,-,1944,2007,64,35.78,1944,1992,49,28.92,1944,2007,64,118.308,3.730961088,172.9298303
1733600,1,33,1114500107,OUEME,BONOU,BJ,6.9,2.45,46990,-999,-,1948,2007,60,22.33,1948,1992,45,24.62,1948,2007,60,189.265,5.96866104,127.0198136
2178300,2,78,33620,YONGDING HE,GUANTING (GUANKING),CN,40.23,115.6,42500,-999,-,2004,2004,1,1.09,1925,1988,64,6.64,1925,2004,80,5.95,0.1876392,4.41504
2178400,2,78,25318,DALINGHE,DALINGHE,CN,41.18,121.37,17687,-999,-,2004,2004,1,61.8,1960,1979,20,0,1960,2004,45,47.956,1.512340416,85.5057622
2178500,2,78,31654,LUAN HE,LUAN XIAN,CN,39.73,118.75,44100,-999,-,2004,2004,1,1.91,1930,1988,59,15.25,1930,2004,75,14.126,0.445477536,10.10153143
2179100,2,79,23004,LIAO HE,CHILING,CN,42.2,123.5,120764,-999,-,2004,2004,1,1.91,1938,1985,48,12.85,1938,2004,67,41.907,1.321579152,10.94348607
2180800,2,80,41330,HUANG HE (YELLOW RIVER),HUAYUANKOU,CN,34.92,113.65,730036,92,-,2004,2004,1,0.55,1946,1988,43,4.68,1946,2004,59,756.234,23.84859542,32.66769779
2181900,2,81,60315,YANGTZE RIVER (CHANG JIANG),DATONG,CN,30.77,117.62,1705383,19,-,2004,2004,1,0,1922,1988,67,25.44,1922,2004,83,25069.29,790.5851294,463.5821569
2181950,2,81,51080,HUAI HE,BENGBU,CN,32.93,117.38,121330,25,-,2004,2004,1,3.11,1915,1989,75,27.96,1915,2004,90,859.861,27.1165765,223.4944078
2186800,2,86,81016,XI JIANG,WUZHOU 3,CN,23.48,111.3,329705,-999,-,2004,2004,1,0,1915,1986,72,36.57,1915,2004,90,5291.284,166.8659322,506.1067689
2186901,2,86,86124,BEI JIANG,SHIJIAO,CN,23.57,112.95,38363,-999,-,2004,2004,1,0,1954,1986,33,0,1954,2004,51,571.423,18.02039573,469.7337468
2186950,2,86,87141,DONG JIANG,BOLUO,CN,23.17,114.3,25325,7,-,2004,2004,1,0.55,1953,1987,35,0,1953,2004,52,344.996,10.87979386,429.606865
2903420,2,3,n.a.,LENA,KYUSYUR (KUSUR),RU,70.7,127.65,2430000,-999,2903430,1935,2011,77,0.16,1934,2000,67,0,1934,2011,78,17037.355,537.2900273,221.1070071
2906900,2,6,n.a.,AMUR,KOMSOMOLSK,RU,50.63,137.12,1730000,13,2906901,1940,2006,67,14.61,1932,1990,59,0.99,1932,2006,75,9870.963,311.2906892,179.9368146
2909150,2,9,09803,YENISEY,IGARKA,RU,67.48,86.5,2440000,20,-,1955,2011,57,13.05,1936,2015,80,15,1936,2015,80,19251.296,607.1088707,248.8151109
2912600,2,12,11801,OB,SALEKHARD,RU,66.57,66.53,2949998,-999,-,1954,2010,57,1.76,1930,2015,86,12.79,1930,2015,86,12883.757,406.3021608,137.7296394
2998110,2,98,n.a.,YANA,UBILEYNAYA,RU,70.75,136.08,224000,-999,-,1972,2007,36,0.72,1978,1999,22,6.82,1972,2007,36,1106.868,34.90618925,155.831202
2998510,2,98,n.a.,KOLYMA,KOLYMSKAYA,RU,68.73,158.72,526000,-999,-,1978,2008,31,9.68,1978,2000,23,0,1978,2008,31,3305.222,104.233481,198.1625114
2998720,2,98,01596,BOL'SHOY ANYUY (TRIB. KOLYMA),KONSTANTINOVO,RU,68.15,161.17,49600,-999,-,1978,2011,34,2.18,1978,2015,38,29.39,1978,2015,38,259.777,8.192327472,165.1678926
2999150,2,99,03801,ANABAR,SASKYLAKH,RU,71.98,114.057,78800,3,-,1954,2011,58,3.19,1966,2015,50,31.22,1954,2015,62,467.564,14.7450983,187.1205369
2999910,2,99,03811,OLENEK,7.5KM D/S OF MOUTH OF RIVER PUR,RU,72.12,123.22,198000,-999,-,1953,2011,59,3.38,1965,2015,51,37.91,1953,2015,63,1125.438,35.49181277,179.2515796
3629000,3,29,17050000,AMAZONAS,OBIDOS - PORTO,BR,-1.9472,-55.5111,4680000,37,-,1927,1998,72,30.06,1928,1998,71,29.98,1927,1998,72,169184.124,5335.390535,1140.040713
3629001,3,29,17050001,AMAZONAS,OBIDOS - LINIGRAFO,BR,-1.9192,-55.5131,4680000,37,-,1968,2008,41,6.15,,,,,1968,2008,41,178492.351,5628.934781,1202.763842
3629150,3,29,17500000,RIO TAPAJOS,FORTALEZA,BR,-6.0453,-57.6428,363000,-999,3629152,1983,2008,26,13.81,1983,1995,13,14.97,1983,2008,26,9675.324,305.1210177,840.5537677
3629204,3,29,17680000,RIO JAMANXIM,JAMANXIM,BR,-5.5,-55.8333,40200,-999,3629151,,,,,1986,1992,7,71.25,1986,1992,7,n.a.,n.a.,n.a.
3630050,3,30,18850000,RIO XINGU,ALTAMIRA,BR,-3.2147,-52.2122,446203,-999,-,1971,2008,38,1.86,1971,1998,28,3.42,1971,2008,38,8107.132,255.6665148,572.9825097
3630300,3,30,18200000,RIO MAICURU,ARAPARI,BR,-1.7789,-54.3972,17072,-999,-,1972,2010,39,2.32,1972,1998,27,0,1972,2010,39,131.931,4.160576016,243.7075923
3631050,3,31,30400000,RIO ARAGUARI,PORTO PLATON,BR,0.7075,-51.4389,29820,-999,-,1952,2010,59,23.63,1952,1999,48,28.82,1952,2010,59,977.094,30.81363638,1033.32114
3631100,3,31,19150000,RIO JARI,SAO FRANCISCO,BR,-0.5678,-52.5692,51343,-999,-,1968,2010,43,1.45,1968,1999,32,3.71,1968,2010,43,1067.327,33.65922427,655.5757216
3631210,3,31,18300000,RIO PARU DE ESTE,FAZENDA PAQUIRA,BR,-0.4167,-53.7,30945,-999,-,1973,1989,17,0,1973,1989,17,0,1973,1989,17,480.697,15.15926059,489.8775438
3649950,3,49,29700000,TOCANTINS,TUCURUI,BR,-3.7578,-49.6533,742300,1.87,-,1978,2010,33,4.96,1978,1999,22,10.61,1978,2010,33,11126.32,350.8796275,472.6924795
3650150,3,50,31700000,RIO CAPIM,BADAJOS,BR,-2.5128,-47.7681,38178,-999,-,1971,2010,40,8.48,1971,1999,29,8.16,1971,2010,40,578.948,18.25770413,478.2257878
3650202,3,50,32620000,RIO GURUPI,ALTO BONITO,BR,-1.8006,-46.3161,31850,-999,-,1972,2010,39,4.28,1972,1986,15,3.57,1972,2010,39,464.402,14.64538147,459.8235941
3650285,3,50,33190000,RIO PINDARE,PINDARE-MIRIM,BR,-3.6611,-45.4583,34030,4,-,1972,2007,36,2.01,1972,1992,21,2.47,1972,2007,36,214.257,6.756808752,198.5544741
3650335,3,50,33290000,RIO MEARIM,BACABAL,BR,-4.2194,-44.7653,27650,9,-,1975,2007,33,2.05,1975,1992,18,0.5,1975,2007,33,106.722,3.365584992,121.7209762
3650359,3,50,33680000,RIO ITAPECURU,CANTANHEDE,BR,-3.6278,-44.3792,49500,15,-,1968,2007,40,3.3,1968,1999,32,5.54,1968,2007,40,240.886,7.596580896,153.4662807
3650481,3,50,34879500,RIO PARNAIBA,LUZILANDIA,BR,-3.4539,-42.37,322823,26,-,1982,2007,26,1.14,1982,1993,12,2.88,1982,2007,26,692.644,21.84322118,67.66315035
3650525,3,50,n.a.,RIO ACARAU,SOBRAL,BR,-3.68,-40.35,11160,-999,-,1911,1962,52,18.29,1911,1999,89,25.4,1911,1999,89,55.484,1.749743424,156.7870452
3650649,3,50,36390000,RIO JAGUARIBE,PEIXE GORDO,BR,-5.2275,-38.1978,48200,50,-,1961,2010,50,8.13,1961,1984,24,9.96,1961,2010,50,85.432,2.694183552,55.89592432
3650885,3,50,38895000,RIO PARAIBA,PONTE DA BATALHA,BR,-7.13,-35.0475,19244,18,-,1969,1997,29,6.41,1970,1997,28,10.12,1969,1997,29,28.46,0.89751456,46.63866972
3651900,3,51,49660001,SAO FRANCISCO,TRAIPU,BR,-9.9833,-36.9833,622520,40,-,,,,,1938,1999,62,8.14,1938,1999,62,2825.371,89.10089986,143.1293771
3652039,3,52,50595000,RIO ITAPICURU,USINA ALTAMIRA,BR,-11.7347,-37.8033,35150,17,-,1964,2010,47,11.27,1964,1979,16,11.54,1964,2010,47,26.711,0.842358096,23.96466845
3652050,3,52,50191000,RIO VAZA-BARRIS,FAZENDA BELEM,BR,-10.9431,-37.3469,15740,19,-,1971,2010,40,0.46,1971,1985,15,2.3,1971,2010,40,10.739,0.338665104,21.51620737
3652135,3,52,51490000,RIO PARAGUACU,PEDRA DO CAVALO,BR,-12.6,-38.9833,53866,50,-,1964,1978,15,1.37,1964,1978,15,6.67,1964,1978,15,122.803,3.872715408,71.895359
3652220,3,52,52410000,RIO DE CONTAS,JEQUIE,BR,-13.8667,-40.0833,42245,259,-,1934,1977,44,1.88,1934,1977,44,1.91,1934,1977,44,30.418,0.959262048,22.7071144
3652320,3,52,53950000,RIO PRADO,MASCOTE,BR,-15.5589,-39.3081,30360,4,-,1936,2010,75,4.7,1936,1979,44,5.34,1936,2010,75,74.531,2.350409616,77.41797154
3652455,3,52,54950000,RIO JEQUITINHONHA,ITAPEBI,BR,-15.9483,-39.5236,67769,-999,-,1936,2010,75,3.56,1936,1996,61,9.07,1936,2010,75,412.442,13.00677091,191.9280336
3652500,3,52,55700000,MUCURI,NANUQUE,BR,-17.8333,-40.35,14174,-999,-,1943,1980,38,5.54,1965,1999,35,0.48,1943,1999,57,109.287,3.446474832,243.1547081
3652600,3,52,56998000,RIO DOCE,LINHARES,BR,-19.4075,-40.0639,78456,-999,-,1967,1994,28,6,1967,1993,27,6.03,1967,1994,28,949.654,29.94828854,381.7208186
3652890,3,52,58974000,PARAIBA DO SUL,CAMPOS - PONTE MUNICIPAL,BR,-21.7533,-41.3003,55500,14,-,1934,2010,77,1.47,1928,1999,72,0.93,1928,2010,83,788.111,24.8538685,447.8174504
3653120,3,53,81350000,RIO RIBEIRA DO IGUAPE,IPORANGA (PCD),BR,-24.5858,-48.5917,12450,73,-,1941,2007,67,0.52,1938,1975,38,0,1938,2007,70,196.549,6.198369264,497.8609851
3653400,3,53,87040000,RIO JACUI,PASSO DO RASO,BR,-29.9667,-51.45,71454,-999,-,1972,1977,6,0,1972,1977,6,0,1972,1977,6,1593.941,50.26652338,703.4808881
3843100,3,43,H011,MIRA,LITA,EC,0.8492,-78.4636,4960,475,-,1963,2005,43,31.41,1966,1988,23,15.22,1963,2005,43,144.027,4.542035472,915.7329581
3843500,3,43,H023,AMBI,D.J.CARIYACU,EC,0.3758,-78.2117,686,2015,3843100,1963,1996,34,4.09,1969,1994,26,10.58,1963,1996,34,4.617,0.145601712,212.2473936
3844100,3,44,H168,ESMERALDAS,D.J.SADE,EC,0.5233,-79.4153,18800,50,-,1965,2005,41,26.97,1982,1991,10,55.46,1965,2005,41,906.109,28.57505342,1519.94965
3844150,3,44,H143,GRANOBLES,A.J.GUACHALA,EC,0.0258,-78.1667,416,2750,3844100,1962,2005,44,16.51,1969,1994,26,5.45,1962,2005,44,4.899,0.154494864,371.3818846
3844200,3,44,H161,TOACHI,A.J.PILATON,EC,-0.3156,-78.9514,1435,820,3844100,1964,2005,42,21.02,1969,1993,25,22.22,1964,2005,42,44.361,1.398968496,974.890938
3844300,3,44,H347,QUEVEDO,QUEVEDO,EC,-1.0181,-79.4619,3507,125,3844450,1962,2005,44,13.69,1966,1994,29,14.37,1962,2005,44,227.582,7.177025952,2046.485872
3844400,3,44,H365,DAULE,LA CAPILLA,EC,-1.6958,-79.9956,8690,13,-,1970,2005,36,11.23,1976,1994,19,11.84,1970,2005,36,286.667,9.040330512,1040.314213
3844450,3,44,H348,VINCES,VINCES-DCP,EC,-1.5492,-79.7506,4400,41,-,1964,2005,42,14.42,1966,1994,29,14.94,1964,2005,42,227.796,7.183774656,1632.676058
3844460,3,44,H345,ZAPOTAL,CATARAMA,EC,-1.5708,-79.4822,3720,40,-,1982,2001,20,23.82,1982,1994,13,3.9,1982,2001,20,172.234,5.431571424,1460.099845
3844465,3,44,H346,ZAPOTAL,LECHUGAL,EC,-1.3875,-79.3542,2980,180,3844460,1974,2005,32,32.61,1965,1994,30,9.72,1965,2005,41,140.292,4.424248512,1484.647152
3844800,3,44,H529,JUBONES,D.J.SAN FRANCISCO,EC,-3.3053,-79.505,3320,680,-,1970,2005,36,36.47,1969,1994,26,30.45,1969,2005,37,46.078,1.453115808,437.6854843
3846500,3,46,H586,CALERA,A.J.AMARILLO,EC,-3.6778,-79.6436,252,680,-,1969,1988,20,26.12,1969,1988,20,8.4,1969,1988,20,9.59,0.30243024,1200.12
3846510,3,46,H587,PINDO,A.J. AMARILLO,EC,-3.7619,-79.635,543,563,-,1982,2005,24,18.54,,,,,1982,2005,24,23.676,0.746646336,1375.039293
3948600,3,48,n.a.,HUAURA,SAYAN,PE,-11.13,-77.2,-9,-999,-,,,,,1911,1968,58,0.59,1911,1968,58,27.229,0.858693744,n.a.
3948900,3,48,n.a.,MAJES,HUATIAPA,PE,-15.97,-72.47,-999,-999,-,,,,,1965,1968,4,0,1965,1968,4,55.564,1.752266304,n.a.
4101200,4,1,15747000,WULIK RIVER,"BELOW TUTAK CREEK NEAR KIVALINA, AK",US,67.8754,-163.6774,1825.9,53.34,-,1984,2017,34,0,,,,,1984,2017,34,27.689,0.873200304,478.2300805
4102100,4,2,15304000,KUSKOKWIM RIVER,"CROOKED CREEK, ALAS.",US,61.8704,-158.1032,80549,60.96,-,1951,2016,66,0,1951,2001,51,1.99,1951,2016,66,1204.46,37.98385056,471.5620375
4102310,4,2,15284000,MATANUSKA RIVER,"PALMER, AK",US,61.6086,-149.073,5361.3,52.1,-,1949,2016,68,0,,,,,1949,2016,68,92.734,2.924459424,545.4758033
4102450,4,2,15292700,TALKEETNA RIVER,"NEAR TALKEETNA, ALAS.",US,62.3464,-150.0192,5169.6,121.92,4102810,1964,2017,54,0,1964,2001,38,0,1964,2017,54,114.435,3.60882216,698.085376
4102852,4,2,15266110,KENAI RIVER,"BELOW SKILAK LAKE OUTLET, AK",US,60.4661,-150.6011,3123.5,73.15,4102851,1997,2017,21,0,,,,,1997,2017,21,153.085,4.82768856,1545.602228
4103200,4,3,15565447,YUKON RIVER,"PILOT STATION, AK",US,61.9337,-162.8829,831390,6.1,-,1975,2017,43,0,1975,2001,27,17.31,1975,2017,43,6741.588,212.6027192,255.7196011
4115201,4,15,14246900,COLUMBIA RIVER,"BEAVER ARMY TERMINAL NEAR QUINCY, OR",US,46.1815,-123.184,665371,-999,-,1968,2016,49,0.01,,,,,1968,2016,49,7316.542,230.7344685,346.7756613
4127800,4,27,07289000,MISSISSIPPI RIVER,"VICKSBURG, MS",US,32.315,-90.9058,2964255,14.09,4127930,1931,2017,87,1.35,1928,1983,56,63.23,1928,2017,90,17440.128,549.9918766,185.5413507
4127941,4,27,07378500,AMITE RIVER,"NEAR DENHAM SPRINGS, LA",US,30.4641,-90.9904,3315.2,-999,-,1938,2016,79,0.01,1938,2000,63,0,1938,2016,79,59.182,1.866363552,562.9716313
4145081,4,45,12194000,SKAGIT RIVER,"NEAR CONCRETE, WA",US,48.5243,-121.771,7088.8,39.62,4145080,1924,2017,94,0,,,,,1924,2017,94,427.161,13.4709493,1900.314481
4145180,4,45,12101500,PUYALLUP RIVER,"PUYALLUP, WA",US,47.2084,-122.3271,2455.3,-999,-,1914,2016,103,0,,,,,1914,2016,103,94.354,2.975547744,1211.887649
4145190,4,45,12150800,SNOHOMISH RIVER,"NEAR MONROE, WA",US,47.8309,-122.0485,3980.8,4.04,-,1963,2017,55,0,,,,,1963,2017,55,271.282,8.555149152,2149.102982
4145700,4,45,14321000,UMPQUA RIVER,"NEAR ELKTON, OR",US,43.586,-123.5554,9539,27.56,-,1905,2016,112,0,1965,1984,20,0,1905,2016,112,207.807,6.553401552,687.0113798
4145900,4,45,14372300,ROGUE RIVER,"NEAR AGNESS, OREG.",US,42.5804,-124.0595,10202,34.69,-,1960,2016,57,0,1965,1984,20,0,1960,2016,57,161.67,5.09842512,499.7476103
4146100,4,46,11532500,SMITH RIVER,"NEAR CRESCENT CITY, CA",US,41.7915,-124.0762,1590.3,24.16,-,1931,2016,86,0,,,,,1931,2016,86,105.54,3.32830944,2092.881494
4146110,4,46,11530500,KLAMATH RIVER,"NEAR KLAMATH, CA",US,41.5143,-124.0004,31339,-999,-,1910,2017,108,0,1910,1984,75,32.32,1910,2017,108,381.305,12.02483448,383.7019203
4146180,4,46,11477000,EEL RIVER (CALIF.),"SCOTIA, CALIF.",US,40.4915,-124.0998,8062.7,10.82,-,1910,2016,107,0,1965,1984,20,0,1910,2016,107,201.22,6.34567392,787.0408077
4146360,4,46,11303500,SAN JOAQUIN RIVER,"NEAR VERNALIS, CA",US,37.676,-121.2663,35058.2,7.62,-,1923,2016,94,0,1965,1984,20,0,1923,2016,94,116.766,3.682332576,105.0348442
4146400,4,46,11152500,SALINAS RIVER,"NEAR SPRECKELS, CA",US,36.6311,-121.6724,10764,6.27,-,1929,2016,88,0.08,,,,,1929,2016,88,11.093,0.349828848,32.49989298
4147380,4,47,01100000,MERRIMACK RIVER,"BELOW CONCORD RIVER AT LOWELL, MA",US,42.6459,-71.2984,12004.7,1.58,-,1923,2016,94,0,1965,1984,20,0,1923,2016,94,224.258,7.072200288,589.1192856
4147460,4,47,01184000,CONNECTICUT RIVER,"THOMPSONVILLE, CT",US,41.9873,-72.6054,25019.4,11.73,-,1928,2016,89,0,1928,1984,57,0,1928,2016,89,487.838,15.38445917,614.9012034
4147600,4,47,01463500,DELAWARE RIVER,"TRENTON, N.J.",US,40.2217,-74.7781,17560.2,-999,-,1912,2017,106,0,1912,1984,73,0,1912,2017,106,337.562,10.64535523,606.2206143
4147703,4,47,01578310,SUSQUEHANNA RIVER,"CONOWINGO, MD",US,39.6573,-76.175,70189,1.52,-,1967,2017,51,0,,,,,1967,2017,51,1149.042,36.23618851,516.2659179
4147950,4,47,01668000,RAPPAHANNOCK RIVER,"NEAR FREDERICKSBURG, VA",US,38.3085,-77.5292,4133.6,-999,-,1907,2016,110,0,,,,,1907,2016,110,47.703,1.504361808,363.9350223
4148050,4,48,02037500,JAMES RIVER,"NEAR RICHMOND, VA.",US,37.5632,-77.5469,17503.2,30.12,-,1934,2017,84,0,1965,1984,20,0,1934,2017,84,197.024,6.213348864,354.9835952
4148090,4,48,02080500,ROANOKE RIVER,"ROANOKE RAPIDS, N.C.",US,36.4605,-77.6345,21714.6,13.36,-,1912,2016,105,0,1965,1984,20,0,1912,2016,105,227.736,7.181882496,330.7398016
4148121,4,48,02089500,NEUSE RIVER,"KINSTON, NC",US,35.2582,-77.5855,6972.3,3.32,4148120,1930,2017,88,0,,,,,1930,2017,88,79.478,2.506418208,359.4822667
4148232,4,48,02105769,CAPE FEAR RIVER,"LOCK #1 NEAR KELLY, NC",US,34.4043,-78.2936,13610.5,-0.88,-,1969,2016,48,0.01,,,,,1969,2016,48,149.777,4.723367472,347.0384976
4148300,4,48,02131000,PEE DEE RIVER,"PEEDEE, S.C.",US,34.2043,-79.5484,22869.7,7.54,-,1938,2017,80,0,1938,1984,47,0,1938,2017,80,266.97,8.41916592,368.1362641
4148570,4,48,02175000,EDISTO RIVER,"NEAR GIVHANS, SC",US,33.0279,-80.3915,7070.7,6.24,-,1939,2017,79,0,,,,,1939,2017,79,69.008,2.176236288,307.7822971
4148650,4,48,02198500,SAVANNAH RIVER,"NEAR CLYO, GA.",US,32.5282,-81.2687,25511.5,4.08,-,1929,2017,89,0,1929,1984,56,7.27,1929,2017,89,307.859,9.708641424,380.5594114
4148720,4,48,02226000,ALTAMAHA RIVER,"DOCTORTOWN, GA.",US,31.6547,-81.8279,35224,7.46,-,1931,2017,87,0,1931,1984,54,0,1931,2017,87,372.462,11.74596163,333.4647295
4149120,4,49,02489500,PEARL RIVER,"NEAR BOGALUSA, LA.",US,30.7932,-89.8209,17024.1,16.76,-,1938,2017,80,0,1938,1984,47,2.16,1938,2017,80,282.919,8.922133584,524.0884149
4149300,4,49,02479000,PASCAGOULA RIVER,"MERRILL, MISS.",US,30.9778,-88.7244,17068.1,8,4149301,1930,2016,87,0,1930,1984,55,0,1930,2016,87,279.245,8.80627032,515.9490699
4149401,4,49,02428400,ALABAMA RIVER,CLAIRBORNE L+D NEAR MONROEVILLE,US,31.6115,-87.553,55615.1,-999,4149400,1975,2016,42,0,,,,,1975,2016,42,860.673,27.14218373,488.0362299
4149413,4,49,02469761,TOMBIGBEE RIVER,"COFFEEVILLE L+D NEAR COFFEEVILLE, AL",US,31.7585,-88.1292,47700,-999,-,1960,2016,57,0,,,,,1960,2016,57,830.311,26.1846877,548.9452347
4149632,4,49,02359170,APALACHICOLA RIVER,"NEAR SUMATRA, FLA",US,29.9494,-85.0155,49728,-999,-,1977,2016,40,0,,,,,1977,2016,40,640.9,20.2114224,406.4394788
4149781,4,49,02323000,SUWANNEE RIVER,"NEAR BELL, FLA",US,29.7913,-82.9243,24320.1,1.09,-,1932,2017,86,0,,,,,1932,2017,86,154.593,4.875244848,200.4615461
4150283,4,50,08211500,NUECES RIVER,"CALALLEN, TX",US,27.8831,-97.6253,43822.8,0.26,-,1989,2017,29,0,,,,,1989,2017,29,10.939,0.344972304,7.871982256
4150330,4,50,08188500,SAN ANTONIO RIVER,"GOLIARD, TX",US,28.6497,-97.3847,10155.4,27.76,-,1924,2017,94,0,,,,,1924,2017,94,21.445,0.67628952,66.59408
4150450,4,50,08162000,COLORADO RIVER (CARIBBEAN SEA),"WHARTON, TEX.",US,29.3091,-96.1038,108788,15.98,-,1938,2017,80,0,1965,1984,20,0.42,1938,2017,80,75.243,2.372863248,21.81181057
4150500,4,50,08114000,BRAZOS RIVER,"RICHMOND, TEX.",US,29.5825,-95.7577,116827.1,8.52,-,1903,2016,114,0,1965,1984,20,0,1903,2016,114,196.571,6.199063056,53.06185856
4150600,4,50,08066500,TRINITY RIVER (TEXAS),"ROMAYOR, TEX.",US,30.4252,-94.8508,44511.7,7.9,4150601,1924,2017,94,0,1965,1984,20,0,1924,2017,94,226.089,7.129942704,160.1813165
4150700,4,50,08030500,SABINE RIVER,"NEAR RULIFF, TEX.",US,30.3038,-93.7438,24162.1,-1.8,-,1924,2016,93,0,1965,1984,20,0,1924,2016,93,231.708,7.307143488,302.4217054
4152050,4,52,09521100,COLORADO RIVER (PACIFIC OCEAN),"BELOW YUMA MAIN CANAL WW AT YUMA,AZ",US,32.7317,-114.6319,618715,31.09,4352100,1963,2017,55,0,,,,,1963,2017,55,57.714,1.820068704,2.941691577
4202601,4,2,08BB005,TAKU RIVER,NEAR JUNEAU,CA,58.5386,-133.7,17700,-999,n.a.,1988,2013,26,0,1987,1994,8,80.9,1987,2013,27,392.81,12.38765616,699.8675797
4204900,4,4,15024800,STIKINE RIVER,NEAR WRANGELL,CA,56.7077,-132.132,51592.8,7.62,-,1976,2016,41,1.03,,,,,1976,2016,41,1588.316,50.08913338,970.8551072
4206100,4,6,08DB001,NASS RIVER,ABOVE SHUMAL CREEK,CA,55.2639,-129.0861,19200,65,n.a.,1929,2013,85,0,1929,1996,68,17.04,1929,2013,85,841.007,26.52199675,1381.353998
4206250,4,6,08EF001,SKEENA RIVER,USK,CA,54.6306,-128.432,42200,100,4206210,1928,2013,86,0,1928,1996,69,8.99,1928,2013,86,863.051,27.21717634,644.9567852
4208025,4,8,10LC014,MACKENZIE RIVER,ARCTIC RED RIVER,CA,67.4583,-133.7447,1660000,-999,n.a.,1972,2015,44,0,1972,1996,25,0,1972,2015,44,9264.428,292.1630014,176.0018081
4208040,4,8,10MC002,PEEL RIVER (TRIB. MACKENZIE),ABOVE FORT MCPHERSON,CA,67.2489,-134.8831,70600,-999,n.a.,1969,2015,47,0,1969,1993,25,9.28,1969,2015,47,654.484,20.63980742,292.3485471
4208065,4,8,10LA002,ARCTIC RED RIVER,NEAR THE MOUTH,CA,66.79,-133.0817,18600,-999,4208025,1968,2015,48,0,1968,1993,26,5.92,1968,2015,48,158.714,5.005204704,269.0970271
4209150,4,9,10NC001,ANDERSON RIVER,BELOW CARNWATH RIVER,CA,68.6322,-128.4133,56300,-999,n.a.,1969,2015,47,0,1969,1993,25,0,1969,2015,47,176.749,5.573956464,99.00455531
4209401,4,9,10PC004,COPPERMINE RIVER,ABOVE COPPER CREEK,CA,67.2289,-115.8869,46800,-999,4209402,1987,2015,29,0,1987,1993,7,0,1987,2015,29,250.695,7.90591752,168.9298615
4209600,4,9,10QD001,ELLICE RIVER,NEAR THE MOUTH,CA,67.7083,-104.1403,16900,-999,n.a.,1971,2015,45,0,1971,1996,26,0,1971,2015,45,86.204,2.718529344,160.8597245
4209805,4,9,10RC001,BACK RIVER,ABOVE HERMANN RIVER,CA,66.0861,-96.5111,93900,-999,4209800,1965,2015,51,0,1993,1993,1,0,1965,2015,51,461.969,14.56865438,155.1507389
4214025,4,14,04AB001,HAYES RIVER (TRIB. HUDSON BAY),BELOW GODS RIVER,CA,56.4319,-92.7886,103000,-999,-,1973,2016,44,0,1974,1993,20,10.83,1973,2016,44,605.959,19.10952302,185.5293498
4214035,4,14,03KC004,RIVIERE AUX MELEZES,PRES DE LA RIVIERE KOKSOAK,CA,57.67,-69.62,42700,27,-,1962,2013,52,0,1962,1995,34,4.79,1962,2013,52,516.058,16.27440509,381.1336086
4214040,4,14,03LF002,CANIAPISCAU,CHUTE DE LA PYRITE,CA,57.43,-69.25,86800,67,-,1954,2013,60,0,1962,1995,34,0,1954,2013,60,954.158,30.09032669,346.6627499
4214051,4,14,06MA006,THELON RIVER,BELOW OUTLET OF SCHULTZ LAKE,CA,64.7786,-97.0536,152000,-999,4214060,1983,2015,33,0,,,,,1983,2015,33,902.852,28.47234067,187.3180307
4214070,4,14,06HB002,THLEWIAZA RIVER,ABOVE OUTLET SEALHOLE LAKE,CA,60.7858,-98.7769,27000,-999,n.a.,1978,2015,38,0,1978,1993,16,8.85,1978,2015,38,213.878,6.744856608,249.809504
4214080,4,14,04FC001,ATTAWAPISKAT RIVER,BELOW MUKETEI RIVER,CA,53.0917,-85.0083,36000,-999,-,1968,2016,49,0,1968,1993,26,0,1968,2016,49,343.603,10.83586421,300.996228
4214090,4,14,06LC001,KAZAN RIVER,ABOVE KAZAN FALLS,CA,63.6525,-95.8519,72300,80,n.a.,1965,2015,51,0,1965,1996,32,4.77,1965,2015,51,450.481,14.20636882,196.4919615
4214105,4,14,06GD001,SEAL RIVER,BELOW GREAT ISLAND,CA,58.8917,-96.2753,48100,-999,-,1955,2016,62,0,1955,1993,39,1.71,1955,2016,62,357.226,11.26547914,234.2095455
4214270,4,14,06FD001,CHURCHILL RIVER,ABOVE RED HEAD RAPIDS,CA,58.1208,-94.625,287000,-999,-,1971,2016,46,0,1972,1993,22,18.18,1971,2016,46,475.944,15.00936998,52.29745639
4214450,4,14,04DC001,WINISK RIVER,BELOW ASHEWEIG RIVER TRIBUTARY,CA,54.5167,-87.2333,50000,100,-,1965,2015,51,0,1965,1995,31,6.5,1965,2015,51,419.974,13.24430006,264.8860013
4214520,4,14,04HA001,ALBANY RIVER,NEAR HAT ISLAND,CA,51.3306,-83.8389,118000,67,-,1964,2016,53,0,1964,1995,32,5.21,1964,2016,53,987.554,31.14350294,263.9279911
4214551,4,14,04LG004,MOOSE RIVER (TRIB. HUDSON BAY),ABOVE MOOSE RIVER,CA,50.7433,-81.4583,60100,-999,4214550,1983,2015,33,0,1959,1996,38,0,1959,2015,57,654.983,20.65554389,343.6862544
4214610,4,14,04NA001,HARRICANAW RIVER,AMOS,CA,48.6006,-78.1094,3680,305,-,1933,2013,81,0,1933,1995,63,0,1933,2013,81,59.276,1.869327936,507.9695478
4214621,4,14,03AC004,BELL RIVER (TRIB. HUDSON BAY),EN AMONT DU LAC MATAGAMI,CA,49.7531,-77.6144,22200,-999,-,1962,2013,52,0,,,,,1962,2013,52,389.212,12.27418963,552.8914249
4214655,4,14,03AB002,WASWANIPI RIVER,A LA CHUTE ROUGE,CA,49.8575,-77.1872,31900,-999,-,1966,2013,48,0,,,,,1966,2013,48,591.142,18.64225411,584.3966806
4214670,4,14,03BD002,BROADBACK RIVER,A LA SORTIE DU LAC QUENONISCA,CA,50.7458,-76.3878,9820,-999,-,1972,2005,34,0,,,,,1972,2005,34,179.494,5.660522784,576.4279821
4214680,4,14,03BC002,RUPERT RIVER,EN AVAL DU LAC NEMISCAU,CA,51.4486,-76.8664,40900,211,-,1963,2001,39,0,1963,1995,33,0.78,1963,2001,39,841.853,26.54867621,649.1118877
4214801,4,14,03ED001,"BALEINE, GRANDE RIVIERE DE LA",EN AMONT DE LA RIVIERE DENYS-1,CA,55.2375,-76.9839,36300,-999,4214800,1961,2013,53,0,,,,,1961,2013,53,563.566,17.77261738,489.6037845
4214900,4,14,03MB002,"BALEINE, GRANDE RIVIERE DE LA",PRES DE L'EMBOUCHURE-1,CA,57.8833,-67.5833,29800,26,-,1956,2013,58,0,1962,1995,34,0,1956,2013,58,444.35,14.0130216,470.2356242
4231602,4,31,01AF002,SAINT JOHN RIVER,GRAND FALLS,CA,47.0389,-67.7397,21900,-999,4231601,1930,2015,86,0,,,,,1930,2015,86,420.738,13.26839357,605.86272
4243151,4,43,02OA016,ST. LAWRENCE RIVER,LASALLE,CA,45.415,-73.6236,-999,-999,-,1955,2016,62,0,,,,,1955,2016,62,8452.701,266.5643787,n.a.
4243240,4,43,02OJ007,RICHELIEU (RIVIERE),RAPIDES FRYERS,CA,45.3983,-73.2589,22000,-999,-,1937,2016,80,0,,,,,1937,2016,80,358.802,11.31517987,514.3263578
4243800,4,43,02UC002,MOISIE (RIVIERE),ABOVE QNSLR BRIDGE,CA,50.3503,-66.1903,19000,17,-,1965,2013,49,0,1965,1995,31,2.76,1965,2013,49,408.204,12.87312134,677.5327023
4244500,4,44,03OE001,"CHURCHILL, FLEUVE (LABRADOR)",ABOVE UPPER MUSKRAT FALLS,CA,53.2478,-60.7892,92500,16,-,1948,2015,68,0,1948,1996,49,12.56,1948,2015,68,1740.336,54.8832361,593.3322821
4244635,4,44,02WB003,NATASHQUAN (RIVIERE),EN AVAL DE LA DECHARGE DU LAC ALIESTE,CA,50.4272,-61.7136,15600,43,4244640,1980,2013,34,0,1981,1995,15,0,1980,2013,34,342.846,10.81199146,693.0763754
5101020,5,1,102102A,PASCOE RIVER,GARRAWAY CREEK JUNCTION,AU,-12.6608,143.0477,1313,40.409,-,1970,2011,42,3.2,1970,1995,26,7.31,1970,2011,42,39.701,1.252010736,953.5496847
5101071,5,1,105107A,NORMANBY RIVER,KALPOWAR CROSSING,AU,-14.917,144.211,12930,19.51,5101070,2005,2011,7,0,,,,,2005,2011,7,90.599,2.857130064,220.9690691
5101080,5,1,108002A,DAINTREE RIVER,BAIRDS,AU,-16.1807,145.2808,911,25,-,1968,2008,41,1.96,1968,1995,28,2.75,1968,2008,41,26.34,0.83065824,911.8092645
5101114,5,1,112101B,SOUTH JOHNSTONE RIVER,CENTRAL MILL,AU,-17.6078,145.9878,401,2.89,-,1916,1974,59,0,,,,,1916,1974,59,25.44,0.80227584,2000.68788
5101118,5,1,112101B,SOUTH JOHNSTONE RIVER,UPSTREAM CENTRAL MILL,AU,-17.61,145.978,400,4.392,5101114,1916,2012,97,0.44,1916,1995,80,0.31,1916,2012,97,25.839,0.814858704,2037.14676
5101119,5,1,112004A,NORTH JOHNSTONE RIVER,TUNG OIL,AU,-17.547,145.932,925,9.04,5101117,1966,2012,47,2.51,,,,,1966,2012,47,57.202,1.803922272,1950.18624
5101130,5,1,113006A,TULLY RIVER,EURAMO,AU,-18.003,145.931,1450,0.1,-,1972,2012,41,1.15,1972,1993,22,1.15,1972,2012,41,97.92,3.08800512,2129.658703
5101161,5,1,116001E,HERBERT RIVER,INGHAM,AU,-18.6361,146.1419,8581,1.61,5101162,1915,2012,98,1.28,1915,1996,82,0.61,1915,2012,98,111.259,3.508663824,408.8875217
5101162,5,1,116001F,HERBERT RIVER,INGHAM,AU,-18.637,146.142,8585,1.61,-,2009,2011,3,0,,,,,2009,2011,3,183.992,5.802371712,675.8732338
5101200,5,1,120006B,BURDEKIN,CLARE,AU,-19.765,147.24,129900,9.4,5101201,1950,2012,63,0.13,1950,1994,45,14.37,1950,2012,63,309.809,9.770136624,75.21275307
5101201,5,1,120001A,BURDEKIN,HOME HILL,AU,-19.6456,147.3958,129939,2.61,-,1921,2001,81,0.05,1921,1956,36,15.02,1921,2001,81,134.039,4.227053904,32.53106384
5101202,5,1,120006B,BURDEKIN,CLARE,AU,-19.7969,147.233,129712,11.6,5101200,1950,1976,27,0,,,,,1950,1976,27,356.718,11.24945885,86.72643123
5101253,5,1,125007A,PIONEER RIVER,MIRANI WEIR T/W,AU,-21.1783,148.8286,1211,34.267,5101251,1977,2012,36,4,,,,,1977,2012,36,23.08,0.72785088,601.0329315
5101301,5,1,130005A,FITZROY,THE GAP,AU,-23.089,150.1071,135757,8.869,5101300,1964,2012,49,0.15,1964,1996,33,10.77,1964,2012,49,164.77,5.19618672,38.27564487
5101381,5,1,138001A,MARY RIVER (AU-QUEENSLAND),MIVA,AU,-25.9533,152.4957,4755,16.87,5101390,1910,2010,101,0,1910,1995,86,0.48,1910,2010,101,37.148,1.171499328,246.3720984
5101390,5,1,138014A,MARY RIVER (AU-QUEENSLAND),HOME PARK,AU,-25.7683,152.5274,6845,4.09,5101382,1982,2011,30,0,,,,,1982,2011,30,38.308,1.208081088,176.4910282
5101470,5,1,136001B,BURNETT RIVER,WALLA,AU,-25.134,151.98,32455,16.427,-,1965,1998,34,20.03,,,,,1965,1998,34,27.598,0.870330528,26.81653144
5101500,5,1,143001C,BRISBANE RIVER,SAVAGES CROSSING,AU,-27.44,152.668,10170,18.481,5101501,1958,2012,55,4.64,,,,,1958,2012,55,28.541,0.900068976,88.50235752
5101502,5,1,143001A,BRISBANE RIVER,LOWOOD,AU,-27.4711,152.5922,10055,23.67,5101500,1909,1950,42,0,,,,,1909,1950,42,21.108,0.665661888,66.20207737
5101503,5,1,143001B,BRISBANE RIVER,VERNOR,AU,-27.4675,152.5992,10056,21.83,5101502,1950,1958,9,0,,,,,1950,1958,9,46.926,1.479858336,147.1617279
5109151,5,9,915003A,FLINDERS RIVER,WALKERS BEND,AU,-18.165,140.857,106300,2.097,-,1969,2012,44,3.09,,,,,1969,2012,44,109.433,3.451079088,32.46546649
5109161,5,9,916001B,NORMAN RIVER,GLENORE WEIR,AU,-17.862,141.13,39360,-4.359,-,1974,2012,39,0.53,,,,,1974,2012,39,57.669,1.818649584,46.20552805
5109170,5,9,917001D,GILBERT RIVER,ROCKFIELDS,AU,-18.2038,142.8751,10987,168,-,1967,2012,46,4.74,1967,1995,29,49.28,1967,2012,46,42.344,1.335360384,121.5400368
5109200,5,9,919009A,MITCHELL RIVER (N. AU),KOOLATAH,AU,-15.9509,142.3772,45872,19.71,-,1972,2012,41,2.45,1972,1995,24,22.7,1972,2012,41,229.913,7.250536368,158.0601754
5109201,5,9,919009B,MITCHELL RIVER (N. AU),DUNBAR,AU,-15.9411,142.3742,45000,19.71,5109200,2009,2011,3,0,,,,,2009,2011,3,387.981,12.23536882,271.8970848
5109210,5,9,913007B,LEICHHARDT RIVER,FLORAVILLE HOMESTEAD,AU,-18.257,139.883,23660,9.819,-,1984,2011,28,10.92,,,,,1984,2011,28,69.759,2.199919824,92.98055047
5109220,5,9,918003A,STAATEN RIVER,DORUNDA,AU,-16.535,142.06,6789,22.405,-,1990,2012,23,5.45,,,,,1990,2012,23,60.792,1.917136512,282.3886452
5109230,5,9,927001B,JARDINE RIVER,MONUMENT,AU,-11.153,142.352,2421,4.355,-,1978,2012,35,4.54,,,,,1978,2012,35,65.4,2.0624544,851.9018587
5109240,5,9,922001A,ARCHER RIVER,TELEGRAPH CROSSING,AU,-13.418,142.92,2928,128.757,-,1968,2012,45,7.54,,,,,1968,2012,45,50.93,1.60612848,548.5411475
5109251,5,9,925001A,WENLOCK RIVER,MORETON,AU,-12.457,142.638,3265,15.115,-,1958,2011,54,1.02,,,,,1958,2011,54,39.937,1.259453232,385.7437158
5202030,5,2,203004,RICHMOND RIVER,CASINO,AU,-28.865,153.0553,1790,5.02,-,1943,2012,70,0.43,1943,2001,59,0,1943,2012,70,19.012,0.599562432,334.9510793
5202036,5,2,203014,WILSONS RIVER,ELTHAM,AU,-28.757,153.394,223,7.46,5202035,1957,2011,55,1.01,,,,,1957,2011,55,5.853,0.184580208,827.7139372
5202044,5,2,204007,CLARENCE RIVER,LILYDALE (NEWBOLD CROSSING),AU,-29.5082,152.6832,16690,9.992,-,1922,2011,90,4.1,1922,2001,80,3.98,1922,2011,90,106.17,3.34817712,200.6097735
5202070,5,2,206011,MACLEAY RIVER,TURNERS FLAT,AU,-31.0082,152.7126,9980,11.851,-,1945,2011,67,9.72,1945,2001,57,10.75,1945,2011,67,46.321,1.460779056,146.3706469
5202075,5,2,207004,HASTINGS RIVER,ELLENBOROUGH (KINDEE BRIDGE),AU,-31.4225,152.4708,1610,67.4,-,1945,2008,64,7.03,1945,2001,57,6.42,1945,2008,64,20.388,0.642955968,399.3515329
5202080,5,2,208004,MANNING RIVER,KILLAWARRA,AU,-31.9175,152.3117,6560,8.74,-,1945,2011,67,4.05,1945,2001,57,3.71,1945,2011,67,55.373,1.746242928,266.1955683
5202103,5,2,210001,HUNTER RIVER,SINGLETON,AU,-32.562,151.17,16400,27.63,5202102,1913,2007,95,0.85,,,,,1913,2007,95,25.639,0.808551504,49.30192098
5202135,5,2,212201,NEPEAN RIVER,PENRITH,AU,-33.748,150.683,11000,-999,-,1968,2008,41,2.56,,,,,1968,2008,41,27.409,0.864370224,78.57911127
5202151,5,2,215216,SHOALHAVEN RIVER,GRASSY GULLY NO. 2,AU,-34.845,150.432,4500,49,-,1987,2008,22,3.17,,,,,1987,2008,22,31.801,1.002876336,222.861408
5202152,5,2,215200,SHOALHAVEN RIVER,GRASSY GULLY,AU,-34.855,150.42,4500,-999,-,1973,1991,19,28.67,,,,,1973,1991,19,84.35,2.6600616,591.1248
5302110,5,2,223205,TAMBO RIVER,D/S RAMROD CREEK,AU,-37.673,147.8704,2681,24.615,-,1965,2011,47,0,,,,,1965,2011,47,7.728,0.243710208,90.90272585
5302229,5,2,222200,SNOWY RIVER (SE AU),JARRAHMOND,AU,-37.661,148.3615,13421,14.3,-,1922,2011,90,0.2,1922,2002,81,17.01,1922,2011,90,39.159,1.234918224,92.01387557
5302242,5,2,224203,MITCHELL RIVER (SE AU),GLENALADALE,AU,-37.7636,147.3748,3903,37.854,-,1937,2011,75,0,1937,2002,66,0,1937,2011,75,27.085,0.85415256,218.8451345
5302251,5,2,225232,THOMSON RIVER,BUNDALAGUAH,AU,-38.046,146.9922,3538,12.01,-,1976,2011,36,0,,,,,1976,2011,36,9.56,0.30148416,85.21315998
5302255,5,2,225201,AVON RIVER (TRIB. THOMSON - AU),STRATFORD,AU,-37.973,147.078,1485,-999,-,1976,2011,36,0,,,,,1976,2011,36,4.883,0.153990288,103.6971636
5302261,5,2,226227,LATROBE RIVER,KILMANY SOUTH,AU,-38.1397,146.9191,4464,8.62,-,1976,2011,36,0,,,,,1976,2011,36,7.851,0.247589136,55.46351613
5302400,5,2,238206,GLENELG RIVER,DARTMOOR,AU,-37.9252,141.2811,11914,7.69,-,1948,2010,63,0.13,1948,2001,54,0,1948,2010,63,16.607,0.523718352,43.95822998
5404270,5,4,A4260528,MURRAY RIVER,OVERLAND CORNER (417.5 KM),AU,-34.1708,140.275,1000001,6,5404271,1985,2012,28,0.04,1985,2000,16,0,1985,2012,28,176.818,5.576132448,5.576126872
5404271,5,4,A4260903,MURRAY RIVER,LOCK 1 DOWNSTREAM,AU,-34.3509,139.6157,-999,-999,-,1949,2012,64,14.55,,,,,1949,2012,64,187.163,5.902372368,n.a.
5550500,5,50,n.a.,"SEPIK, SUNGAI",AMBUNTI,PG,-4.22,142.16,40922,40,-,,,,,1980,1984,5,17.24,1980,1984,5,3801.959,119.898579,2929.929598
5607500,5,7,710003,DE GREY RIVER,COOLENAR POOL,AU,-20.3114,119.249,50007,-999,-,1974,2011,38,0.31,1974,1994,21,0,1974,2011,38,43.143,1.360557648,27.20734393
5608024,5,8,802055,FITZROY RIVER,FITZROY CROSSING,AU,-18.2101,125.5791,46133,-999,5608025,1955,2011,57,3.24,1955,1996,42,1.41,1955,2011,57,147.161,4.640869296,100.5976047
5608025,5,8,802008,FITZROY RIVER,WILLARE,AU,-17.75,123.5,91902,19,-,1998,2011,14,0,,,,,1998,2011,14,254.118,8.013865248,87.20011804
5608096,5,8,809339,ORD,TARRARA BAR,AU,-15.56,128.69,51028,-999,-,1998,2011,14,0,,,,,1998,2011,14,210.314,6.632462304,129.9769206
5708110,5,8,G8110007,VICTORIA RIVER,COOLIBAH HOMESTEAD,AU,-15.5547,130.9643,44900,22.15,-,1953,2011,59,24.57,1953,2001,49,21.54,1953,2011,59,158.67,5.00381712,111.4435884
5708145,5,8,G8140040,DALY RIVER,MOUNT NANCAR,AU,-13.8319,130.7345,47100,26.03,-,1967,2011,45,5.91,1969,2001,33,1.05,1967,2011,45,250.399,7.896582864,167.6556871
5708185,5,8,G8180035,"MARY RIVER (AUSTRALIA, TIMOR SEA)",MOUNT BUNDEY,AU,-12.907,131.647,5700,50.25,-,1956,2011,56,1.85,1956,2001,46,22.78,1956,2011,56,60.228,1.899350208,333.2193347
5708220,5,8,G8210010,EAST ALLIGATOR RIVER,12 DEG 43 MIN SOUTH,AU,-12.715,133.335,2384,34.183,-,1971,2010,40,27.99,,,,,1971,2010,40,35.268,1.112211648,466.5317315
5709100,5,9,G9030250,ROPER RIVER,RED ROCK,AU,-14.6985,134.4178,47400,31.27,-,1966,2011,46,12.93,1966,2001,36,8.1,1966,2011,46,92.579,2.919571344,61.59433215
5709112,5,9,G9070121,MCARTHUR RIVER,BORROLOOLA CROSSING,AU,-16.08,136.318,15700,31.435,-,1975,2011,37,16.99,,,,,1975,2011,37,41.804,1.318330944,83.97012382
6233650,6,33,38000-2133,ANGERMANAELVEN,SOLLEFTEA KRV,SE,63.1719,17.2655,30638,4,-,1909,2015,107,0,1965,1998,34,0,1909,2015,107,485.2,15.3012672,499.4212155
6233750,6,33,"9000-2131,1424",LULEAELVEN,"BODENS KRV (+ VATTENVERK, TRANGFORS)",SE,65.8076,21.6705,24923.5,11,-,1900,2012,113,0,1900,1995,96,0,1900,2012,113,503.285,15.87159576,636.8124766
6233850,6,33,4000-17,KALIXAELVEN,RAEKTFORS,SE,66.1706,22.8158,23102.9,-999,-,1937,2016,80,0,,,,,1937,2016,80,289.473,9.128820528,395.1374299
6335020,6,35,27900104,RHINE RIVER,REES,DE,51.7569,6.3954,159300,8,6435060,1814,2012,199,6.98,,,,,1814,2012,199,2252.273,71.02768133,445.8737058
6337200,6,37,49100101,WESER,INTSCHEDE,DE,52.964,9.125,37720,4.79,-,1857,2011,155,0,,,,,1857,2011,155,322.822,10.18051459,269.8969934
6340110,6,40,59300107,ELBE RIVER,NEU-DARCHAU,DE,53.2323,10.8888,131950,5.68,-,1874,2013,140,0,1965,1988,24,0,1874,2013,140,710.685,22.41216216,169.8534457
6401080,6,1,00066,HVITA I BORGARFIROI,KLJAFOSS,IS,64.6914,-21.4147,1669,35,-,1951,2013,63,0,1951,1993,43,0,1951,2013,63,85.042,2.681884512,1606.881074
6401090,6,1,00064,OELFUSA,SELFOSS,IS,63.9381,-21.0067,5678,12,-,1950,2014,65,0,1950,1992,43,0,1950,2014,65,381.294,12.02448758,2117.732931
6401120,6,1,30,THJORSA,THJORSARTUN,IS,63.9328,-20.635,7380,21,-,1947,2014,68,8.15,,,,,1947,2014,68,351.409,11.08203422,1501.630654
6401150,6,1,59,YTRI-RANGA,ARBAEJARFOSS,IS,63.8632,-20.3407,572,35,-,1961,2014,54,0,,,,,1961,2014,54,44.769,1.411835184,2468.243329
6401160,6,1,148,FOSSA,"EYJOLFSSTADIR, BERUFJOERDUR",IS,64.7532,-14.4856,113,40,-,1968,2014,47,0,,,,,1968,2014,47,8.109,0.255725424,2263.05685
6401250,6,1,45,VATNSDALSA (NORDURLAND),FORSAELUDALUR,IS,65.47,-20.33,959,70,-,1948,2014,67,8.65,,,,,1948,2014,67,10.032,0.316369152,329.8948405
6401300,6,1,198,HVALA,OP,IS,66.0697,-21.7519,178,9,-,1976,2014,39,0,,,,,1976,2014,39,14.267,0.449924112,2527.663551
6401310,6,1,204,VATNSDALSA (VESTFIRDIR),"EIDI, VATNSFJOERDUR",IS,65.5891,-23.1283,102,9,-,1977,2013,37,31.74,,,,,1977,2013,37,7.386,0.232924896,2283.577412
6401400,6,1,200,FNJOSKA,ABOVE ARBUGSA,IS,65.8507,-17.8974,1132,44,-,1976,2014,39,15.45,,,,,1976,2014,39,37.934,1.196286624,1056.790304
6401460,6,1,26,SANDA,FLOEGUBRUI,IS,66.1981,-15.5966,268,20,-,1965,2014,50,2.48,,,,,1965,2014,50,13.393,0.422361648,1575.976299
6401500,6,1,00150,"DJUPA, FLJOTSHVERFI",BRU,IS,63.9489,-17.6569,311,43,-,1968,2014,47,0,1968,1992,25,0,1968,2014,47,27.376,0.863329536,2775.979215
6401600,6,1,000116,"SVARTA, BAROARDAL",ULLARFOSS,IS,65.3939,-17.31,717,311,6401601,1965,2014,50,6.45,,,,,1965,2014,50,20.286,0.639739296,892.2444854
6401610,6,1,238,SKJALFANDAFLJOT,ALDEYJARFOSS,IS,65.3708,-17.3469,2163,261,-,1987,2014,28,0.01,,,,,1987,2014,28,48.973,1.544412528,714.0141137
6401702,6,1,102,JOEKULSA A FJOELLUM,GRIMSSTADIR,IS,65.6233,-16.1893,5178,360,6401701,1965,2014,50,0.36,,,,,1965,2014,50,171.665,5.41362744,1045.505493
6421500,6,21,n.a.,MEUSE,BORGHAREN,NL,50.87,5.72,21301,40,6421102,1911,2013,103,2.91,1911,1990,80,0,1911,2013,103,242.132,7.635874752,358.4749426
6603300,6,3,203040,LOWER BANN,MOVANAGHER,GB,54.977,-6.5471,5209.8,7,-,1980,2015,36,0,,,,,1980,2015,36,92.716,2.923891776,561.2291789
6604201,6,4,84005,CLYDE (SCOTLAND),BLAIRSTONE,GB,55.7973,-4.0683,1704.2,17.6,6604200,1958,2015,58,0,,,,,1958,2015,58,43.818,1.381844448,810.8464077
6604610,6,4,15006,TAY,BALLATHIE,GB,56.5144,-3.387,4587.1,26.2,-,1952,2015,64,0,1980,1997,18,55.56,1952,2015,64,171.587,5.411167632,1179.648936
6604750,6,4,21009,TWEED (SCOTLAND),NORHAM,GB,55.7227,-2.1634,4390,4.3,-,1962,2015,54,0,1980,1984,5,0,1962,2015,54,81.482,2.569616352,585.334021
6605600,6,5,28009,TRENT (N. ENGLAND),COLWICK,GB,52.9534,-1.0785,7486,16,-,1958,2015,58,0,1965,1984,20,37.5,1958,2015,58,84.59,2.66763024,356.3492172
6607650,6,7,39001,THAMES,KINGSTON,GB,51.4154,-0.3077,9948,4.7,-,1883,2015,133,0,1883,1993,111,0,1883,2015,133,65.801,2.075100336,208.5947262
6608501,6,8,55023,WYE (WALES),REDBROOK,GB,51.7963,-2.6863,4010,9.2,-,1936,2014,79,0,,,,,1936,2014,79,72.955,2.30070888,573.7428628
6730501,6,30,234.18.0.1001.1,"TANA (NO, FI)",POLMAK NYE,NO,70.0703,28.0162,14161.4,20,6730500,1911,2014,104,1.37,,,,,1911,2014,104,168.483,5.313279888,375.194535
6731260,6,31,21.11.0.1001.1,OTRA,HEISEL,NO,58.2476,7.9514,3689,8,-,1930,2015,86,0.08,,,,,1930,2015,86,147.264,4.644117504,1258.909597
6731310,6,31,001200068000,DRAMSELV,DOVIKFOSS,NO,59.8805,9.908,16120,35,6731311,1912,2014,103,0,1912,1974,63,0,1912,2014,103,306.827,9.676096272,600.2541112
6731402,6,31,2.122.0.1001.1,GLAMA,SKARNES,NO,60.2543,11.6775,20300,129.4,6731403,1887,2014,128,39.54,,,,,1887,2014,128,303.935,9.58489416,472.1622739
6731403,6,31,2.605.0.1001.0,GLAMA,SOLBERGFOSS,NO,59.6373,11.1535,40540,101,6731400,1901,2013,113,0.02,,,,,1901,2013,113,690.624,21.77951846,537.2352853
6731450,6,31,2.145.0.1001.1,LOSNA,LOSNA,NO,61.3334,10.2775,11210,180,6731400,1896,2014,119,0,,,,,1896,2014,119,246.34,7.76857824,693.0043033
6731501,6,31,122.9.0.1001.1,GAULA,GAULFOSS,NO,63.1085,10.229,3079,45,-,1958,2015,58,19.09,,,,,1958,2015,58,82.754,2.609730144,847.5901734
6731920,6,31,212.11.0.1001.1,ALTAELVA,KISTA,NO,69.8263,23.5168,6187,43,-,1971,2015,45,0,,,,,1971,2015,45,76.773,2.421113328,391.3226649
6742900,6,42,42057,DANUBE RIVER,CEATAL IZMAIL,RO,45.2167,28.7167,807000,0.6,-,1931,2010,80,2.52,1921,2002,82,0,1921,2010,90,6529.795,205.9236151,255.171766
6854101,6,54,3510450,KOKEMAENJOKI,HARJAVALTA,FI,61.3375,22.1142,26117,28,-,1931,2015,85,0,1931,2001,71,0,1931,2015,85,219.224,6.913448064,264.7106507
6854500,6,54,5904450,OULUJOKI,MERISKOSKI (NEAR THE MOUTH),FI,65.0226,25.4734,22841,7,-,1950,2015,66,0,1950,2001,52,0,1950,2015,66,259.565,8.18564184,358.3749328
6854600,6,54,6101950,IIJOKI,RAASAKKA (NEAR THE MOUTH),FI,65.3349,25.4113,14191,19,-,1911,2015,105,0,1911,2001,91,0,1911,2015,105,172.483,5.439423888,383.3009575
6854700,6,54,6504450,KEMIJOKI,ISOHAARA (NEAR THE MOUTH),FI,65.7927,24.5453,50683,2,-,1949,2015,67,0.01,1911,2001,91,0,1911,2015,105,564.71,17.80869456,351.3741207
6855200,6,55,1410050,KYMIJOKI,ANJALA,FI,60.6984,26.8175,36275,24,-,1938,2015,78,0.05,1938,2001,64,0,1938,2015,78,282.289,8.902265904,245.4105005
6855400,6,55,0411450,VUOKSI,"VUOSKI, TAINIONKOSKI",FI,61.2107,28.7839,61061,70,-,1960,2015,56,0,,,,,1960,2015,56,598.982,18.88949635,309.3545201
6970250,6,70,70801,SEVERNAYA DVINA (NORTHERN DVINA),UST'-PINEGA,RU,64.15,41.9167,348000,2,-,1883,2010,128,53.04,1881,2014,134,10.75,1881,2014,134,3236.883,102.0783423,293.3285698
6970500,6,70,70844,MEZEN,MALONISOGORSKAYA,RU,65.0333,45.6167,56400,18.6,-,1920,2010,91,1.56,1920,2014,95,15.99,1920,2014,95,649.94,20.49650784,363.4132596
6970700,6,70,70827,PECHORA,OKSINO,RU,67.6,52.2,312000,-999,-,1980,2010,31,3.27,1916,2014,99,53.86,1916,2014,99,4834.483,152.4602559,488.6546663
6971130,6,71,71060,TULOMA,VERKHNE-TULOMSKIY GES,RU,68.6069,31.7975,17500,-999,-,1935,2011,77,2.69,1934,2015,82,25.97,1934,2015,82,193.903,6.114925008,349.4242862
6971600,6,71,n.a.,VARZUGA,VARZUGA,RU,66.4,36.6167,7940,8.1,-,1979,2011,33,3.03,1935,1992,58,0.29,1935,2011,77,91.75,2.893428,364.4115869
6972430,6,72,n.a.,NEVA,NOVOSARATOVKA,RU,59.8372,30.5294,281000,-999,-,1945,2011,67,0,1859,1985,127,1.25,1859,2011,153,2444.36,77.08533696,274.3250426
6972860,6,72,n.a.,KOVDA,KNYAZHEGUBSKOYE GES,RU,66.77,32.34,25900,-999,-,1957,2006,50,26,1956,1988,33,0,1956,2006,51,273.971,8.639949456,333.5887821
6977100,6,77,n.a.,VOLGA,VOLGOGRAD POWER PLANT,RU,48.8047,44.5858,1360000,-999,-,1962,2010,49,2.04,1879,1984,106,17.92,1879,2010,132,7827.676,246.8535903,181.5099929
6978250,6,78,n.a.,DON,RAZDORSKAYA,RU,47.5408,40.6472,378000,58,-,1952,2010,59,3.4,1881,1984,104,3.45,1881,2010,130,681.961,21.5063221,56.895032
6981800,6,81,n.a.,DNIESTR,TIGHINA (BENDERY),MD,46.8306,29.4711,66100,2,-,1945,1984,40,0,1881,1985,105,46.67,1881,1985,105,318.601,10.04740114,152.0030429
